statusCode,url
200,"http://computersciences.jp/contact
"
200,"http://contactlessconnectivity.jp/contact
"
200,"http://creseed.jp/contact
"
200,"http://ctale.jp/contact
"
200,"http://klear.jp/contact
"
200,"http://knuerr.jp/contact
"
200,"http://nec.com/contact
"
200,"http://neo-m.jp/contact
"
200,"http://netiq.co.jp/contact
"
200,"http://netiq.jp/contact
"
200,"http://netvista.jp/contact
"
200,"http://neways.co.jp/contact
"
200,"http://norton-rose.jp/contact
"
200,"http://norton-rosegroup.jp/contact
"
200,"http://norton-rosellp.jp/contact
"
200,"http://nortonrose.jp/contact
"
200,"http://nortonrosefulbright.jp/contact
"
200,"http://nortonrosefulbrightasia.jp/contact
"
200,"http://nortonrosefulbrightgaikokuhojimubengoshijimusho.jp/contact
"
200,"http://nortonrosellp.jp/contact
"
200,"http://novell.co.jp/contact
"
200,"http://novell.co.jp/contact
"
200,"http://novell.co.jp/contact
"
200,"http://novell.co.jp/contact
"
200,"http://novell.jp/contact
"
200,"http://nrfglobal.jp/contact
"
200,"http://ntrglobal.jp/contact
"
200,"http://nuancemobilelife.jp/contact
"
200,"http://nxp.jp/contact
"
200,"http://officefinder.jp/contact
"
200,"http://oki.com/contact
"
200,"http://taxologist.jp/contact
"
200,"http://tetrapak.co.jp/contact
"
200,"http://thinkcenter.jp/contact
"
200,"http://thinkcentre.jp/contact
"
200,"http://thinkvantage.jp/contact
"
200,"http://thinkvision.jp/contact
"
200,"http://top100innovators.jp/contact
"
200,"http://trimcast.jp/contact
"
200,"http://trustthecheck.jp/contact
"
200,"http://tycoelectronics.co.jp/contact
"
200,"http://i-research.jp/contact
"
200,"http://innovationandyou.jp/contact
"
200,"http://insource.co.jp/contact
"
200,"http://intralox.jp/contact
"
200,"http://jiban-holdings.jp/contact
"
200,"http://jibannet-club.jp/contact
"
200,"http://jibannet.co.jp/contact
"
200,"http://jlljapan.jp/contact
"
200,"http://saeco.jp/contact
"
200,"http://sapporobeer.jp/contact
"
200,"http://sensio-labs.jp/contact
"
200,"http://sensio.jp/contact
"
200,"http://sensiolabs.jp/contact
"
200,"http://shift-biz.jp/contact
"
200,"http://showcase-tv.com/contact
"
200,"http://shutterpremier.jp/contact
"
200,"http://shutterstockpremier.jp/contact
"
200,"http://similar-tech.jp/contact
"
200,"http://simscape.jp/contact
"
200,"http://simulink.jp/contact
"
200,"http://stateflow.jp/contact
"
200,"http://staubli.co.jp/contact
"
200,"http://staubli.jp/contact
"
200,"http://strenx.jp/contact
"
200,"http://suncobalt.jp/contact
"
200,"http://vaisala.co.jp/contact
"
200,"http://vanfu.co.jp/contact
"
200,"http://vanfu.jp/contact
"
200,"http://venture-net.co.jp/contact
"
200,"http://vertiv.jp/contact
"
200,"http://vertivco.jp/contact
"
200,"http://danisco.jp/contact
"
200,"http://denon.jp/contact
"
200,"http://hardox.jp/contact
"
200,"http://hulft.com/contact
"
200,"http://resocia.jp/contact
"
200,"http://ricoh.co.jp/contact
"
200,"http://rosettastone.co.jp/*;enterprise.rosettastone.co.jp/contact
"
200,"http://fluke-intelligence.jp/contact
"
200,"http://flukeintelligence.jp/contact
"
200,"http://fortinet.co.jp/contact
"
200,"http://fortinet.co.jp/contact
"
200,"http://fortinet.co.jp/contact
"
200,"http://fticonsulting.jp/contact
"
200,"http://gardnerdenver.jp/contact
"
200,"http://panasonic.co.id/contact
"
200,"http://panasonic.co.th/contact
"
200,"http://philips.jp/contact
"
200,"http://philpark.jp/contact
"
200,"http://plus-db.jp/contact
"
200,"http://post-it.jp/contact
"
200,"http://psion.jp/contact
"
200,"http://wisdomtree.co.jp/contact
"
200,"http://worldfirst.jp/contact
"
200,"http://xn--dck1b3a0em6i.jp/contact
"
200,"http://xn--tckyf5b.jp/contact
"
200,"http://aon-hewitt.jp/contact
"
200,"http://aonhewitt.co.jp/contact
"
200,"http://aonhewitt.jp/contact
"
200,"http://armox.jp/contact
"
200,"http://experiangroup.jp/contact
"
200,"http://extended-validation-ssl-certificates.jp/contact
"
200,"http://maintenance-yamane.jp/contact
"
200,"http://matlab.jp/contact
"
200,"http://mediwel.net/contact
"
200,"http://microdose.jp/contact
"
200,"http://microdosemammography.jp/contact
"
200,"http://mtame.jp/contact
"
200,"http://berggren.jp/contact
"
200,"http://best-herbs.jp/*/contact
"
200,"http://biosynth.jp/contact
"
200,"http://bondadapt.co.jp/contact
"
200,"http://bondadapt.jp/contact
"
200,"http://bravosolution.jp/contact
"
200,"http://burex.jp/contact
"
200,"http://catmktg.co.jp/contact
"
200,"http://cenit.jp/contact
"
200,"http://chameleonline.jp/contact
"
200,"http://chau.jp/contact
"
200,"http://creativehope.jp/contact
"
200,"http://cxense.jp/contact
"
200,"http://kardex.jp/contact
"
200,"http://kinotrope.co.jp/contact
"
200,"http://konicaminolta.jp/contact
"
200,"http://ndenpa.jp/contact
"
200,"http://nipponcat.co.jp/contact
"
200,"http://nobelbiocare.jp/contact
"
200,"http://nobelprocera.jp/contact
"
200,"http://oceans-p.co.jp/contact
"
200,"http://techtech.info/contact
"
200,"http://teleapo.com/contact
"
200,"http://tellermate.jp/contact
"
200,"http://teradici.jp/contact
"
200,"http://think-onsemi.jp/contact
"
200,"http://tobi-kikaku.jp/contact
"
200,"http://i-tsu-tsu.co.jp/contact
"
200,"http://ibcjapan.co.jp/contact
"
200,"http://igenomix.jp/contact
"
200,"http://income-chuko.jp/contact
"
200,"http://informationtools.jp/contact
"
200,"http://infotool.jp/contact
"
200,"http://infotools.jp/contact
"
200,"http://insidesecure.jp/contact
"
200,"http://itelligence.jp/contact
"
200,"http://itelligencegroup.jp/contact
"
200,"http://itsumo365.co.jp/contact
"
200,"http://ivoclarvivadent.jp/contact
"
200,"http://j-consulting.co.jp/contact
"
200,"http://j-consulting.co.jp/contact
"
200,"http://j-consulting.co.jp/contact
"
200,"http://japanma.or.jp/contact
"
200,"http://joselito.jp/contact
"
200,"http://sauna-nj.co.jp/contact
"
200,"http://saylor.co.jp/contact
"
200,"http://sbcloud.co.jp/contact
"
200,"http://schroff.co.jp/contact
"
200,"http://schroff.jp/contact
"
200,"http://semo.co.jp/contact
"
200,"http://seo.osaka.jp/contact
"
200,"http://seo.tokyo.jp/contact
"
200,"http://seoblog.jp/contact
"
200,"http://shiawase-yubiwa.jp/contact
"
200,"http://brand.shuuemura.jp/contact
"
200,"http://skydesk.jp/contact
"
200,"http://smartseo.jp/contact
"
200,"http://smartstones.jp/contact
"
200,"http://smmlab.jp/contact
"
200,"http://spaceboy.jp/contact
"
200,"http://steelcase.jp/contact
"
200,"http://stringo.jp/contact
"
200,"http://sunity.jp/contact
"
200,"http://sxsw.jp/contact
"
200,"http://systran.jp/contact
"
200,"http://systransoft.jp/contact
"
200,"http://vanfu.co.jp/contact
"
200,"http://daiwa-ad.jp/contact
"
200,"http://dmzero.co.jp/contact
"
200,"http://ducktours.jp/contact
"
200,"http://handytravel.co.jp/contact
"
200,"http://flets.hikakunet.jp/contact
"
200,"http://hpcase.jp/contact
"
200,"http://lincolninternational.jp/contact
"
200,"http://live-universe.jp/contact
"
200,"http://lsconsulting.co.jp/contact
"
200,"http://lynx-co.jp/contact
"
200,"http://uniritaplus.co.jp/contact
"
200,"http://zenrin.co.jp/contact
"
200,"http://zopim.jp/contact
"
200,"http://f85.jp/contact
"
200,"http://ficc.jp/contact
"
200,"http://first-sensor.jp/contact
"
200,"http://fishingsir.jp/contact
"
200,"http://flsmidth.jp/contact
"
200,"http://framecad.jp/contact
"
200,"http://fuutouya.com/contact
"
200,"http://fxprimus.jp/contact
"
200,"http://gaiam.jp/contact
"
200,"http://gcpat.jp/contact
"
200,"http://genero.jp/contact
"
200,"http://globalnearshore.jp/contact
"
200,"http://us.gmocloud.com/contact
"
200,"http://gospaces.jp/contact
"
200,"http://grassfish.jp/contact
"
200,"http://pcoip.jp/contact
"
200,"http://peakscientific.jp/contact
"
200,"http://piccolobosco.jp/contact
"
200,"http://powerweb.co.jp/contact
"
200,"http://procera.jp/contact
"
200,"http://prtimes.jp/contact
"
200,"http://qooco.co.jp/contact
"
200,"http://qooco.co.jp/contact
"
200,"http://qooco.co.jp/contact
"
200,"http://qooco.co.jp/contact
"
200,"http://quadtech.co.jp/contact
"
200,"http://wabisabihouse.jp/contact
"
200,"http://web-consultants.jp/contact
"
200,"http://winsta.jp/contact
"
200,"http://xn--nckucr1b5gyd.jp/contact
"
200,"http://xn--nckucr1b5gydz11yyx0anerh72b.jp/contact
"
200,"http://xn--pckh2cl8t.net/contact
"
200,"http://yousendit.jp/contact
"
200,"http://en.acrossway.com/contact
"
200,"http://adimec.co.jp/contact
"
200,"http://ajike.co.jp/contact
"
200,"http://amamu.jp/contact
"
200,"http://apexkk.com/contact
"
200,"http://aristanetworks.jp/contact
"
200,"http://asgen.co.jp/contact
"
200,"http://atlet.jp/contact
"
200,"http://atsugihills.com/contact
"
200,"http://azulsystems.jp/contact
"
200,"http://ebayshopping.jp/contact
"
200,"http://efusion.co.jp/contact
"
200,"http://ekohe.jp/contact
"
200,"http://elephantech.co.jp/contact
"
200,"http://evox.jp/contact
"
200,"http://ma-jouhouhiroba.jp/contact
"
200,"http://maboroshi.biz/contact
"
200,"http://manicyouth.jp/contact
"
200,"http://ginza-jyoumyakuryu-laser.matrix.jp/contact
"
200,"http://mediamonks.jp/contact
"
200,"http://meetingterrace.jp/contact
"
200,"http://minitab.jp/contact
"
200,"http://mk-design.co.jp/contact
"
200,"http://momentive.jp/contact
"
200,"http://monstar-lab.co.jp/contact
"
200,"http://musashino-online.co.jp/contact
"
200,"http://besam.jp/contact
"
200,"http://betterspace.jp/contact
"
200,"http://beyondpricing.jp/contact
"
200,"http://binderworld.jp/contact
"
200,"http://boardpad.jp/contact
"
200,"http://computerpatentannuities.jp/contact
"
200,"http://conprosys.jp/contact
"
200,"http://contec.com/contact
"
200,"http://cpaglobal.jp/contact
"
200,"http://creativehope.co.jp/contact
"
200,"http://credly.jp/contact
"
200,"http://onionnews.co.jp/contact
"
200,"http://orecon.co.jp/contact
"
200,"http://tanaza.jp/contact
"
200,"http://taxbackinternational.jp/contact
"
200,"http://teslin.jp/contact
"
200,"http://tmds.jp/contact
"
200,"http://tokyu-resort.co.jp/contact
"
200,"http://trademarksdirectoryservice.jp/contact
"
200,"http://tsuqrea.co.jp/contact
"
200,"http://infinitalk.co.jp/contact
"
200,"http://ivoclar-vivadent.jp/contact
"
200,"http://shalf.jp/contact
"
200,"http://stoneasy.jp/contact
"
200,"http://verygood.co.jp/contact
"
200,"http://deepsee.jp/contact
"
200,"http://denshishoseki-mado.jp/contact
"
200,"http://drinet.co.jp/contact
"
200,"http://hometopia.jp/contact
"
200,"http://leveragelabo.com/contact
"
200,"http://flowroute.jp/contact
"
200,"http://freeway-japan.com/*/contact
"
200,"http://freund.co.jp/contact
"
200,"http://gelifesciences.co.jp/contact
"
200,"http://gelifesciences.jp/contact
"
200,"http://glam-slam.jp/contact
"
200,"http://peakscientific.co.jp/contact
"
200,"http://xevo.co.jp/contact
"
200,"http://xn--eckp3fxdyb7akcm2m.jp/contact
"
200,"http://xn--pckh2cl8t.jp/contact
"
200,"http://adimec.jp/contact
"
200,"http://akagane.co.jp/contact
"
200,"http://alco.co.jp/contact
"
200,"http://atlascopco.co.jp/*/contact
"
200,"http://azaminostyle.jp/contact
"
200,"http://e-omnibus.co.jp/contact
"
200,"http://empoweryourcommerce.jp/contact
"
200,"http://marinsoftware.co.jp/contact
"
200,"http://marrix.co.jp/contact
"
200,"http://mimasa.co.jp/contact
"
200,"http://skippingstone.co.jp/contact
"
200,"http://ballantyne-cashmere.jp/contact
"
200,"http://bluesafety.jp/contact
"
200,"http://bstaendig.jp/contact
"
200,"http://budnitzbicycles.jp/contact
"
200,"http://businessinsider.jp/contact
"
200,"http://canyonmag.jp/contact
"
200,"http://capeheights.jp/contact
"
200,"http://carpeteden.jp/contact
"
200,"http://centralart.jp/contact
"
200,"http://pt.cloud-e.jp/contact
"
200,"http://coffeeplanet.jp/contact
"
200,"http://cremieux.jp/contact
"
200,"http://kennethpool.jp/contact
"
200,"http://konicaminolta.com/*/contact
"
200,"http://konmari.co.jp/contact
"
200,"http://nicolaibergmann.co.jp/contact
"
200,"http://niseko.ne.jp/contact
"
200,"http://nisekobase.com/contact
"
200,"http://nisekobase.com/contact
"
200,"http://nisekobase.com/contact
"
200,"http://nisekobase.com/contact
"
200,"http://nisekobase.com/contact
"
200,"http://nisekobase.com/contact
"
200,"http://nisekobase.com/contact
"
200,"http://nisekobase.com/contact
"
200,"http://nisekobase.com/contact
"
200,"http://nisekobase.com/contact
"
200,"http://nisekobase.com/contact
"
200,"http://nisekobase.com/contact
"
200,"http://nisekobase.com/contact
"
200,"http://nisekobase.com/contact
"
200,"http://nisekobase.com/contact
"
200,"http://nisekobase.com/contact
"
200,"http://nisekobase.com/contact
"
200,"http://nisekobase.com/contact
"
200,"http://nisekobase.com/contact
"
200,"http://nisekobase.com/contact
"
200,"http://oxbiolabs.jp/contact
"
200,"http://tegamishop.jp/contact
"
200,"http://tenta.jp/contact
"
200,"http://tourismpei.jp/contact
"
200,"http://3dprinting-mms.com/contact
"
200,"http://iamili.com/contact
"
200,"http://ikcplay.jp/contact
"
200,"http://imatest.jp/contact
"
200,"http://ines-de-la-fressange-paris.jp/contact
"
200,"http://inesdelafressange.jp/contact
"
200,"http://inmotionsports.us/contact
"
200,"http://japantrends.com/contact
"
200,"http://jw-anderson.jp/contact
"
200,"http://shidosha.jp/contact
"
200,"http://shikiniseko.jp/contact
"
200,"http://skybus.co.jp/contact
"
200,"http://skyr.jp/contact
"
200,"http://smappee.jp/contact
"
200,"http://snapfire.jp/contact
"
200,"http://sociomedia.co.jp/contact
"
200,"http://spiber.jp/contact
"
200,"http://store-store.jp/contact
"
200,"http://studiokura.com/contact
"
200,"http://suiyoukai.com/contact
"
200,"http://vanguardworld.jp/contact
"
200,"http://danielcremieux.jp/contact
"
200,"http://handytravel.co.jp/contact
"
200,"http://henry-cotton.jp/contact
"
200,"http://henrycotton.jp/contact
"
200,"http://hlj.co.jp/contact
"
200,"http://hocho-knife.jp/contact
"
200,"http://howisit.jp/contact
"
200,"http://hrexperts.jp/contact
"
200,"http://huntingworld.com/contact
"
200,"http://le-lab.jp/contact
"
200,"http://lebendy.jp/contact
"
200,"http://robotshop-japan.com/contact
"
200,"http://rycote.jp/contact
"
200,"http://ukcarp.jp/contact
"
200,"http://uneeds.jp/contact
"
200,"http://zoofashions.jp/contact
"
200,"http://fishingsir.jp/contact
"
200,"http://getzner.jp/contact
"
200,"http://gotraditional.jp/contact
"
200,"http://gri.jp/contact
"
200,"http://grumpy.jp/contact
"
200,"http://pipelinesecurity.jp/contact
"
200,"http://plastic-surgery.jp/contact
"
200,"http://protectabed.jp/contact
"
200,"http://w-mahoroba.jp/contact
"
200,"http://xn--eckubfg9ewewc5b.jp/contact
"
200,"http://xn--xckya1dr0d7a.com/contact
"
200,"http://shopping.acchajee.com/contact
"
200,"http://adaptivebenchmarking.jp/contact
"
200,"http://adaptiveclose.jp/contact
"
200,"http://adaptivedashboards.jp/contact
"
200,"http://adaptivelive.jp/contact
"
200,"http://adaptiveon.jp/contact
"
200,"http://adaptiveondemand.jp/contact
"
200,"http://adaptivescorecards.jp/contact
"
200,"http://adaptivexbrl.jp/contact
"
200,"http://afafa.jp/contact
"
200,"http://ainsel.jp/contact
"
200,"http://ampelmann-shop.net/contact
"
200,"http://ask-media.jp/contact
"
200,"http://elektor.jp/contact
"
200,"http://elektron.co.jp/contact
"
200,"http://englishbook.jp/contact
"
200,"http://ethnolab.jp/contact
"
200,"http://manutti.jp/contact
"
200,"http://martinbaileyphotography.com/contact
"
200,"http://medelita.jp/contact
"
200,"http://mokuba.co.jp/contact
"
200,"http://molo-shop.jp/contact
"
200,"http://babylonstoren.jp/contact
"
200,"http://babylovesdisco.co.jp/contact
"
200,"http://ballantyne.jp/contact
"
200,"http://ballantynecashmere.jp/contact
"
200,"http://bigissue.jp/contact
"
200,"http://bluebottlecoffee.co.jp/contact
"
200,"http://cocosta.jp/contact
"
200,"http://curaprox.jp/contact
"
200,"http://kamaayurveda.jp/contact
"
200,"http://kantoadventures.com/contact
"
200,"http://kinlochandersonwhisky.jp/contact
"
200,"http://kronan.jp/contact
"
200,"http://kumiyamashita.com/*/contact
"
200,"http://nicolaibergmann.com/contact
"
200,"http://ortovox.jp/contact
"
200,"http://tdcmd.jp/contact
"
200,"http://the-rs.com/contact
"
200,"http://tokyoacademics.co.jp/contact
"
200,"http://tokyofabbers.com/contact
"
200,"http://tripfast.jp/contact
"
200,"http://imaginex.jp/contact
"
200,"http://inesdelafressangeparis.jp/contact
"
200,"http://j-w-anderson.jp/contact
"
200,"http://jamboschool.jp/contact
"
200,"http://sadoni.jp/contact
"
200,"http://shigeta-shopping.jp/contact
"
200,"http://siteengine.co.jp/contact
"
200,"http://sparkrandd.jp/contact
"
200,"http://suikakeibo.jp/contact
"
200,"http://dancingfun.co.jp/contact
"
200,"http://deadmau5.jp/contact
"
200,"http://hairfinity.jp/contact
"
200,"http://hauzer.jp/contact
"
200,"http://heimplanet.jp/contact
"
200,"http://henry-cottons.jp/contact
"
200,"http://henrycottons.jp/contact
"
200,"http://hocho-knives.jp/contact
"
200,"http://hubtokyo.com/contact
"
200,"http://lammhults.jp/contact
"
200,"http://leatherspa.jp/contact
"
200,"http://ledgerwallet.jp/contact
"
200,"http://leereeve.com/contact
"
200,"http://lewitt.jp/contact
"
200,"http://liftware.jp/contact
"
200,"http://luxury-collector.jp/contact
"
200,"http://luxurycollector.jp/contact
"
200,"http://roundup-consulting.jp/contact
"
200,"http://rylo.jp/contact
"
200,"http://fashion-hr.com/contact
"
200,"http://fbcusa.com/contact
"
200,"http://ferplast.jp/contact
"
200,"http://gayagenda.jp/contact
"
200,"http://geniusflights.jp/contact
"
200,"http://geniushotel.jp/contact
"
200,"http://geniushotels.jp/contact
"
200,"http://geniustravel.jp/contact
"
200,"http://glide-guitar.jp/contact
"
200,"http://glucobeam.jp/contact
"
200,"http://gobhutan.jp/contact
"
200,"http://papiertigre.jp/contact
"
200,"http://pemtec.jp/contact
"
200,"http://photomatch.jp/contact
"
200,"http://purape.jp/contact
"
200,"http://qwstion.jp/contact
"
200,"http://werden.jp/contact
"
200,"http://westernaustralia.jp/contact
"
200,"http://wow-air.jp/contact
"
200,"http://wowair.jp/contact
"
200,"http://xn--xckxabs1fza4fyb.com/contact
"
200,"http://youfab.jp/contact
"
200,"http://abrewcadabrew.com/contact
"
200,"http://adaptive-bi.jp/contact
"
200,"http://adaptivefiling.jp/contact
"
200,"http://amsale.jp/contact
"
200,"http://ayaniseko.jp/contact
"
200,"http://mackeene.jp/contact
"
200,"http://marianila.jp/contact
"
200,"http://matilda.jp/contact
"
200,"http://mcldesign.co.jp/contact
"
200,"http://mothersweden.jp/contact
"
200,"http://beads-oroshi.com/contact
"
200,"http://bee-summit.jp/contact
"
200,"http://bonsai.jp/contact
"
200,"http://cocones.jp/contact
"
200,"http://cropster.jp/contact
"
200,"http://konmari.jp/contact
"
200,"http://oxbiolabs.ne.jp/contact
"
200,"http://oxfordbiolabs.jp/contact
"
200,"http://tanqgakusha.jp/contact
"
200,"http://kawakita.teafac.com/contact
"
200,"http://timbuk2.jp/contact
"
200,"http://jambointernational.org/contact
"
200,"http://jonasclaesson.jp/contact
"
200,"http://jwanderson.jp/contact
"
200,"http://somethingsweet.jp/contact
"
200,"http://danielcremieuxonline.jp/contact
"
200,"http://dipndip.jp/contact
"
200,"http://homodachi.jp/contact
"
200,"http://htholidays.com/contact
"
200,"http://htholidays.jp/contact
"
200,"http://leffamsterdam.jp/contact
"
200,"http://livewellgroup.co.jp/contact
"
200,"http://rca.jp/contact
"
200,"http://gadventures.jp/contact
"
200,"http://geniusflight.jp/contact
"
200,"http://xn--xckc6a7c2a1a7c2a5c0d7d.com/contact
"
200,"http://a-blogcms.jp/contact
"
200,"http://adaptivebenchmarks.jp/contact
"
200,"http://adaptivecpm.jp/contact
"
200,"http://adaptivekpis.jp/contact
"
200,"http://adaptivereports.jp/contact
"
200,"http://mastani.jp/contact
"
200,"http://moyai.net/contact
"
200,"http://mrgugu.jp/contact
"
200,"http://465009.jp/contact
"
200,"http://secure.4d-japan.com/contact
"
200,"http://bbss.co.jp/contact
"
200,"http://bbssonline.jp/contact
"
200,"http://bio-rad.co.jp/contact
"
200,"http://bio-rad.co.jp/contact
"
200,"http://bit-isle.jp/contact
"
200,"http://bitbank.cc/contact
"
200,"http://bizmates.jp/contact
"
200,"http://box.jp/contact
"
200,"http://byallaccounts.jp/contact
"
200,"http://chukomansion.jp/contact
"
200,"http://cln2connection.jp/contact
"
200,"http://cochlear.co.jp/contact
"
200,"http://comiru.jp/contact
"
200,"http://comsq.com/contact
"
200,"http://convergedinfrastructure.jp/contact
"
200,"http://couchbase.jp/contact
"
200,"http://creativevillage.ne.jp/contact
"
200,"http://kaigoworker.jp/contact
"
200,"http://kaihikon.com/contact
"
200,"http://kaonavi.jp/contact
"
200,"http://konicaminolta.com/contact
"
200,"http://kyotore.jp/contact
"
200,"http://nancho.jp/contact
"
200,"http://nec.com/contact
"
200,"http://ngosource.jp/contact
"
200,"http://nikken-sogyo.co.jp/contact
"
200,"http://nikken-totalsourcing.jp/contact
"
200,"http://numerix.co.jp/contact
"
200,"http://oathjapan.jp/contact
"
200,"http://oathjapankk.jp/contact
"
200,"http://off-site.jp/contact
"
200,"http://oki.com/contact
"
200,"http://outbreakcontrol.jp/contact
"
200,"http://tagetik.jp/contact
"
200,"http://techtarget.jp/contact
"
200,"http://therminol.jp/contact
"
200,"http://thinky.cn/contact
"
200,"http://tommy-hilfiger.jp/contact
"
200,"http://tommygirl.jp/contact
"
200,"http://tommyhilfigerjapan.jp/contact
"
200,"http://topimagesystems.co.jp/contact
"
200,"http://training-c.co.jp/contact
"
200,"http://trendexpress.jp/contact
"
200,"http://iesea.co.jp/contact
"
200,"http://illuminakk.co.jp/contact
"
200,"http://jaic-college.jp/contact
"
200,"http://jector.jp/contact
"
200,"http://johnsonhome.co.jp/contact
"
200,"http://jpue.jp/contact
"
200,"http://jukensapuri.jp/contact
"
200,"http://jyukensapuri.jp/contact
"
200,"http://screen.co.jp/contact
"
200,"http://searchsecurity.jp/contact
"
200,"http://searchwindows2000.jp/contact
"
200,"http://shelfy.jp/contact
"
200,"http://simly.jp/contact
"
200,"http://skydesk.jp/contact
"
200,"http://softwareone.co.jp/contact
"
200,"http://softwareone.jp/contact
"
200,"http://storagecraft.co.jp/contact
"
200,"http://sunbridge.com/contact
"
200,"http://svenson.co.jp/contact
"
200,"http://sweetsguide.jp/contact
"
200,"http://syla.jp/contact
"
200,"http://veeam.jp/contact
"
200,"http://visioncritical.jp/contact
"
200,"http://vormetric.co.jp/contact
"
200,"http://vw-cc.jp/contact
"
200,"http://daiwakantei.co.jp/contact
"
200,"http://diversey.jp/contact
"
200,"http://diverseybrands.jp/contact
"
200,"http://doctor-vision.com/contact
"
200,"http://haisha-yoyaku.jp/contact
"
200,"http://happy-bears.com/contact
"
200,"http://hilfiger.jp/contact
"
200,"http://hitachi-solutions.co.jp/contact
"
200,"http://hituji.jp/contact
"
200,"http://lancerstop.jp/contact
"
200,"http://live-universe.jp/contact
"
200,"http://lucua.jp/contact
"
200,"http://btm.travel.rakuten.net/contact
"
200,"http://reli.jp/contact
"
200,"http://rex-rental.jp/contact
"
200,"http://ubic.co.jp/contact
"
200,"http://uedaharlowfx.jp/contact
"
200,"http://uideal.net/contact
"
200,"http://uptodate.jp/contact
"
200,"http://zehnder-systems.jp/contact
"
200,"http://fabex.jp/contact
"
200,"http://fhrc.jp/contact
"
200,"http://frexb2b.jp/contact
"
200,"http://fujikengroup.co.jp/contact
"
200,"http://funai-dental.com/contact
"
200,"http://furusato-omihachiman.jp/contact
"
200,"http://gammaknife.jp/contact
"
200,"http://gelifesciences.co.jp/contact
"
200,"http://ggbearings.jp/contact
"
200,"http://gmocloud.com/contact
"
200,"http://gps-punch.jp/contact
"
200,"http://grapeseed.jp/contact
"
200,"http://passat.jp/contact
"
200,"http://passatcc.jp/contact
"
200,"http://plangrid.jp/contact
"
200,"http://pressance-jyuhan.jp/contact
"
200,"http://pulsesecure.co.jp/contact
"
200,"http://watchguard.jp/contact
"
200,"http://wikifolio.jp/contact
"
200,"http://woodwing.jp/contact
"
200,"http://worryfree.com/contact
"
200,"http://xn--cckb9a1bxdvbx230cqtyc.com/contact
"
200,"http://xn--cckb9a1bxdvbx230cqtyc.jp/contact
"
200,"http://xn--dckbf3a0dm2ftmrbf.jp/contact
"
200,"http://xn--eck7a4buxr22a.jp/contact
"
200,"http://xn--pck5axa1b6lzb.jp/contact
"
200,"http://aacronis.jp/contact
"
200,"http://addressdoctor.jp/contact
"
200,"http://adtechmp.jp/contact
"
200,"http://all-american.jp/contact
"
200,"http://almacreations.jp/contact
"
200,"http://aolnetwork.jp/contact
"
200,"http://aspex.co.jp/contact
"
200,"http://au-sonpo.co.jp/contact
"
200,"http://e-aic.co.jp/contact
"
200,"http://e-state.co.jp/contact
"
200,"http://ecocarat.jp/contact
"
200,"http://elementaltechnologies.co.jp/contact
"
200,"http://eslead.co.jp/contact
"
200,"http://m-files.jp/contact
"
200,"http://magazineworld.jp/contact
"
200,"http://marketplaceadtech.jp/contact
"
200,"http://meltwater.jp/contact
"
200,"http://metasonic.jp/contact
"
200,"http://mplus-jh.jp/contact
"
200,"http://mscapex.jp/contact
"
200,"http://baha.jp/contact
"
200,"http://biorad.jp/contact
"
200,"http://boardpad.jp/contact
"
200,"http://capgemini.jp/contact
"
200,"http://ciodecisions.jp/contact
"
200,"http://comfortkeepers.jp/contact
"
200,"http://componeer.jp/contact
"
200,"http://k-masa.com/contact
"
200,"http://katariba.or.jp/contact
"
200,"http://kitchen-studio.jp/contact
"
200,"http://nihon-ma.co.jp/contact
"
200,"http://nissha-comms.co.jp/contact
"
200,"http://nomadworkcenter.jp/contact
"
200,"http://nttba-west.jp/contact
"
200,"http://oath.jp/contact
"
200,"http://osohshiki.jp/contact
"
200,"http://tenable.co.jp/contact
"
200,"http://thinkymixer.com/contact
"
200,"http://thinkymixer.net/contact
"
200,"http://tommyhilfiger.jp/contact
"
200,"http://triumph98.com/contact
"
200,"http://typebank.co.jp/contact
"
200,"http://31tohoku.jp/contact
"
200,"http://lp.iijglobal.co.jp/contact
"
200,"http://imajina.com/contact
"
200,"http://integrativenutrition.jp/contact
"
200,"http://inzone.jp/contact
"
200,"http://j-ecosystem.co.jp/contact
"
200,"http://japheego.jp/contact
"
200,"http://sanken-mo.co.jp/contact
"
200,"http://sapporosatei.jp/contact
"
200,"http://searchcio.jp/contact
"
200,"http://searchnetworking.jp/contact
"
200,"http://searchstorage.jp/contact
"
200,"http://softbag.jp/contact
"
200,"http://softwareag.co.jp/contact
"
200,"http://softwareag.jp/contact
"
200,"http://solad.co.jp/contact
"
200,"http://spdrs.jp/contact
"
200,"http://sportscamp-online.com/contact
"
200,"http://stagegroup.jp/contact
"
200,"http://stanleysecurity.jp/contact
"
200,"http://stardom.jp/contact
"
200,"http://suitewall.jp/contact
"
200,"http://supporterz.jp/contact
"
200,"http://veeam.co.jp/contact
"
200,"http://vortex-intl.jp/contact
"
200,"http://daj.co.jp/contact
"
200,"http://daj.jp/contact
"
200,"http://deco-ie.jp/contact
"
200,"http://digidesign.jp/contact
"
200,"http://drinet.co.jp/contact
"
200,"http://hanakara.jp/contact
"
200,"http://hillslife.jp/contact
"
200,"http://hitachiglobalstoragetechnologies.jp/contact
"
200,"http://lifegate.jp/contact
"
200,"http://logianalytics.jp/contact
"
200,"http://lysithea.jp/contact
"
200,"http://rahisystems.co.jp/contact
"
200,"http://re-business.jp/contact
"
200,"http://reachlocal-mktg.jp/contact
"
200,"http://rocketsoftware.jp/contact
"
200,"http://roompia.jp/contact
"
200,"http://ubicliv.com/contact
"
200,"http://zehnder-comfosystems.jp/contact
"
200,"http://zehnder-system.jp/contact
"
200,"http://zehnder.jp/contact
"
200,"http://zehndersystem.jp/contact
"
200,"http://foxty.jp/contact
"
200,"http://fujiken-sumai.jp/contact
"
200,"http://gamecircle.jp/contact
"
200,"http://geek-out.jp/contact
"
200,"http://gelifesciences.jp/contact
"
200,"http://geohankyu.com/contact
"
200,"http://pca.jp/contact
"
200,"http://persol-tech-s.co.jp/contact
"
200,"http://powerweb.co.jp/contact
"
200,"http://pressance-jyuhan.co.jp/contact
"
200,"http://pricewaterhousecoopersaarata.jp/contact
"
200,"http://protea.co.jp/contact
"
200,"http://protiviti.co.jp/contact
"
200,"http://protiviti.jp/contact
"
200,"http://watchguard.co.jp/contact
"
200,"http://webroot.co.jp/contact
"
200,"http://xeroxcopiers.jp/contact
"
200,"http://xn--cckef1fsb0tyb.jp/contact
"
200,"http://xn--eck7a4buxr.jp/contact
"
200,"http://xn--eckd2b0a1a9j1e3bvdyeb.jp/contact
"
200,"http://xn--eckd2da4a8gtikf.jp/contact
"
200,"http://xn--eckwa7ee9hqdl7b.jp/contact
"
200,"http://xn--yck7a4a7eqax7a7d.jp/contact
"
200,"http://yanmar-e.co.jp/contact
"
200,"http://yonayona.jp/contact
"
200,"http://acronis.co.jp/contact
"
200,"http://acronis.co.jp/contact
"
200,"http://acronis.co.jp/contact
"
200,"http://acronis.co.jp/contact
"
200,"http://acronis.co.jp/contact
"
200,"http://acronis.co.jp/contact
"
200,"http://acronis.co.jp/contact
"
200,"http://acronis.co.jp/contact
"
200,"http://acronis.co.jp/contact
"
200,"http://acronis.co.jp/contact
"
200,"http://all-internet.jp/contact
"
200,"http://amecaji-koumuten.jp/contact
"
200,"http://aoladvertising.jp/contact
"
200,"http://aolnetworks.jp/contact
"
200,"http://aolplatform.jp/contact
"
200,"http://apple-japan.jp/contact
"
200,"http://applejapan.jp/contact
"
200,"http://audi.co.jp/contact
"
200,"http://axa-direct-life.co.jp/contact
"
200,"http://ebis.ne.jp/contact
"
200,"http://emining.jp/contact
"
200,"http://emotion-tech.co.jp/contact
"
200,"http://enrich.jp/contact
"
200,"http://eus2018.org/contact
"
200,"http://marinsoftware.co.jp/contact
"
200,"http://mediaocean.jp/contact
"
200,"http://mmsouken.co.jp/contact
"
200,"http://mobileiron.jp/contact
"
200,"http://morijuku.com/contact
"
200,"http://mtweb.jp/contact
"
200,"http://benesse-kaigai.com/contact
"
200,"http://betsudaihome.jp/contact
"
200,"http://biomerieux.co.jp/contact
"
200,"http://bizmates.jp/contact
"
200,"http://blazeadvisor.jp/contact
"
200,"http://bmt-group.jp/contact
"
200,"http://bridgestonecreditcard.com/contact
"
200,"http://c-staffing.co.jp/contact
"
200,"http://caratt.jp/contact
"
200,"http://careermart.co.jp/contact
"
200,"http://cariot.jp/contact
"
200,"http://casacarina.jp/contact
"
200,"http://catalyze.co.jp/contact
"
200,"http://catmktg.co.jp/contact
"
200,"http://celonis.jp/contact
"
200,"http://chromalox.jp/contact
"
200,"http://cn-estate.jp/contact
"
200,"http://contents-alive.jp/contact
"
200,"http://copros.co.jp/contact
"
200,"http://crystalreports.jp/contact
"
200,"http://k-cafe.com/contact
"
200,"http://kaisyuf.jp/contact
"
200,"http://kavo.co.jp/contact
"
200,"http://kitalive.co.jp/contact
"
200,"http://kurakyo.co.jp/contact
"
200,"http://nexway.co.jp/contact
"
200,"http://nihon-ma.co.jp/contact
"
200,"http://nihonkiin.net/contact
"
200,"http://nihonkiin.or.jp/contact
"
200,"http://nipponcat.co.jp/contact
"
200,"http://nitto.com/contact
"
200,"http://nttcoms.com/contact
"
200,"http://nuan.jp/contact
"
200,"http://oberthur.jp/contact
"
200,"http://office-navi-fukuoka.jp/contact
"
200,"http://office-navi.jp/contact
"
200,"http://officekikaku.co.jp/contact
"
200,"http://omaxwaterjets.jp/contact
"
200,"http://tecido.co.jp/contact
"
200,"http://telehouse.jp/contact
"
200,"http://thermagon.jp/contact
"
200,"http://toushi-club.jp/contact
"
200,"http://31tohoku.jp/contact
"
200,"http://3zweb.co.jp/contact
"
200,"http://ichinobo.com/contact
"
200,"http://idem-home.co.jp/contact
"
200,"http://iovation.jp/contact
"
200,"http://ishizaki-mfg.co.jp/contact
"
200,"http://itabashi.co.jp/contact
"
200,"http://itmedia.co.jp/contact
"
200,"http://jinji-cloud.jp/contact
"
200,"http://jp-cloudia.co.jp/contact
"
200,"http://jvwebinar.jp/contact
"
200,"http://saikatsuryoku.jp/contact
"
200,"http://sanko-e.co.jp/contact
"
200,"http://sankoestate.com/contact
"
200,"http://smartagent.jp/contact
"
200,"http://smartcanvas.net/contact
"
200,"http://smmlab.jp/contact
"
200,"http://fuzoku.sod.co.jp/contact
"
200,"http://softwaretest.jp/contact
"
200,"http://soraniwahome.com/contact
"
200,"http://spacexpress.jp/contact
"
200,"http://spirit-us.jp/contact
"
200,"http://sports-st.com/contact
"
200,"http://studio-crea.jp/contact
"
200,"http://swo.co.jp/contact
"
200,"http://systran.jp/contact
"
200,"http://systransoft.jp/contact
"
200,"http://0082.jp/contact
"
200,"http://dbc-jp.com/contact
"
200,"http://digishoku.co.jp/contact
"
200,"http://dlink-jp.com/contact
"
200,"http://dowa-geo.jp/contact
"
200,"http://h-t.co.jp/contact
"
200,"http://go.hatchwork.co.jp/contact
"
200,"http://heidon.co.jp/contact
"
200,"http://hira-print.jp/contact
"
200,"http://hirose.com/contact
"
200,"http://hows-renovation.com/contact
"
200,"http://hypertech.co.jp/contact
"
200,"http://lanches.co.jp/contact
"
200,"http://lifeworks.co.jp/contact
"
200,"http://re-care.jp/contact
"
200,"http://re-wish.co.jp/contact
"
200,"http://robotpayment.co.jp/*;company.robotpayment.co.jp/contact
"
200,"http://rst-s.com/contact
"
200,"http://u-wedding.jp/contact
"
200,"http://uliza.jp/contact
"
200,"http://upthemark.com/contact
"
200,"http://zeem.jp/contact
"
200,"http://iy.7andi-print.com/contact
"
200,"http://fairisaac.jp/contact
"
200,"http://famima-print.com/contact
"
200,"http://firstsolar.jp/contact
"
200,"http://flir-i5.jp/contact
"
200,"http://freeway-timerecorder.com/contact
"
200,"http://freeway-zeimu.net/contact
"
200,"http://ftsafe.co.jp/contact
"
200,"http://fukull.co.jp/contact
"
200,"http://fukuracia.jp/contact
"
200,"http://gasfindir.jp/contact
"
200,"http://ground-f.com/contact
"
200,"http://passion-navi.com/contact
"
200,"http://pixela.co.jp/contact
"
200,"http://plan-b.co.jp/contact
"
200,"http://plan-international.jp/contact
"
200,"http://powerweb.co.jp/contact
"
200,"http://precor.jp/contact
"
200,"http://profess.co.jp/contact
"
200,"http://provej.jp/contact
"
200,"http://qooco.co.jp/contact
"
200,"http://qooco.co.jp/contact
"
200,"http://qooco.co.jp/contact
"
200,"http://qooco.co.jp/contact
"
200,"http://quickconsulting.jp/contact
"
200,"http://web-print.com/contact
"
200,"http://westin-tokyo.co.jp/contact
"
200,"http://willb.co.jp/contact
"
200,"http://wowow.co.jp/contact
"
200,"http://xn--8ouz4fb2an61gupk.jp/contact
"
200,"http://xn--cs-3o7c941m.jp/contact
"
200,"http://xn--j2rs58a9yrb2x.jp/contact
"
200,"http://xn--ki-op5d489dh0v8ic.jp/contact
"
200,"http://xn--ki-op5di79k.jp/contact
"
200,"http://yume-souzoku.co.jp/contact
"
200,"http://accs-c.co.jp/contact
"
200,"http://agsc.co.jp/contact
"
200,"http://applehouse-tokyo.co.jp/contact
"
200,"http://arbinger.jp/contact
"
200,"http://ashita-team.com/contact
"
200,"http://at-office.jp/contact
"
200,"http://at-residence.co.jp/contact
"
200,"http://atmarkit.co.jp/contact
"
200,"http://atmarkit.jp/contact
"
200,"http://azami.co.jp/contact
"
200,"http://us.azbil.com/contact
"
200,"http://e-cloth.jp/contact
"
200,"http://ekiworld.net/contact
"
200,"http://enzolifesciences.jp/contact
"
200,"http://esrij.com/contact
"
200,"http://m-impact.com/contact
"
200,"http://marubun.com/contact
"
200,"http://mays.co.jp/contact
"
200,"http://mfcglobal.jp/contact
"
200,"http://michaela-ph.jp/contact
"
200,"http://mini.jp/contact
"
200,"http://mitsufuji.co.jp/contact
"
200,"http://moleculardevices.co.jp/contact
"
200,"http://ms-toushiguide.jp/contact
"
200,"http://baystars.co.jp/contact
"
200,"http://ls.beckmancoulter.co.jp/contact
"
200,"http://bit-drive.ne.jp/contact
"
200,"http://bluesinc.jp/contact
"
200,"http://bmw.co.jp/contact
"
200,"http://building.co.jp/contact
"
200,"http://bwrite.biz/contact
"
200,"http://c-claire.jp/contact
"
200,"http://c21-smica.com/contact
"
200,"http://calf-apple.jp/contact
"
200,"http://car-best.co.jp/contact
"
200,"http://casanord.jp/contact
"
200,"http://casasole.jp/contact
"
200,"http://clasic.jp/contact
"
200,"http://clearth-rent.co.jp/contact
"
200,"http://credentials.jp/contact
"
200,"http://crew-hybrid.com/contact
"
200,"http://cs-park.jp/contact
"
200,"http://kagawajob.com/contact
"
200,"http://kassel.jp/contact
"
200,"http://kikakubuilding.co.jp/contact
"
200,"http://kikunan-ublhotel.jp/*/contact
"
200,"http://kmcpr.co.jp/contact
"
200,"http://kotora.co.jp/contact
"
200,"http://koushin.co.jp/contact
"
200,"http://kya-tech.co.jp/contact
"
200,"http://netyear.net/contact
"
200,"http://newnvivo.jp/contact
"
200,"http://nextmall.jp/contact
"
200,"http://nightsnet.jp/contact
"
200,"http://nilfisk.co.jp/contact
"
200,"http://nisfont.co.jp/contact
"
200,"http://nishitetsu-store-print.com/contact
"
200,"http://nobelpark.jp/contact
"
200,"http://nortonshoppingguarantee.jp/contact
"
200,"http://office-navi-osaka.jp/contact
"
200,"http://office-navi-sapporo.jp/contact
"
200,"http://office-navi-tokyo.jp/contact
"
200,"http://okajob.com/contact
"
200,"http://okato365.jp/contact
"
200,"http://oneslife-home.com/contact
"
200,"http://tactonworks.jp/contact
"
200,"http://tascam.jp/contact
"
200,"http://tateru-funding.jp/contact
"
200,"http://tatsuta.co.jp/contact
"
200,"http://teac.jp/contact
"
200,"http://technoalpha.co.jp/contact
"
200,"http://teiaen.jp/contact
"
200,"http://terrasky.co.jp/contact
"
200,"http://three-f-nenga.com/contact
"
200,"http://topgate.co.jp/contact
"
200,"http://topigsnorsvin.jp/contact
"
200,"http://toray-research.co.jp/contact
"
200,"http://torunavi.jp/contact
"
200,"http://tsuchikyo.co.jp/contact
"
200,"http://tubutubu-seminar.jp/contact
"
200,"http://31loop.jp/contact
"
200,"http://3ko.co.jp/contact
"
200,"http://intelsat.jp/contact
"
200,"http://isgnet.jp/contact
"
200,"http://ishizaki.biz/contact
"
200,"http://itelligence.jp/contact
"
200,"http://itelligencegroup.jp/contact
"
200,"http://itsumo365.co.jp/contact
"
200,"http://jmaconsulting.jp/contact
"
200,"http://jmam.jp/contact
"
200,"http://jobcity.jp/contact
"
200,"http://jstar.co.jp/contact
"
200,"http://school-pr.jp/contact
"
200,"http://seedsjp.com/contact
"
200,"http://shoei-bijutsu.co.jp/contact
"
200,"http://shukatsu-career.co.jp/contact
"
200,"http://simplehouse.co.jp/contact
"
200,"http://smartfocus.jp/contact
"
200,"http://smbo.jp/contact
"
200,"http://solid-s.co.jp/contact
"
200,"http://somu-lier.jp/contact
"
200,"http://spark-cloud.net/contact
"
200,"http://standbyhome.jp/contact
"
200,"http://sun-earth.jp/contact
"
200,"http://supercool.jp/contact
"
200,"http://swsoft.com/contact
"
200,"http://valfre.jp/contact
"
200,"http://919g.co.jp/contact
"
200,"http://danfoss.jp/contact
"
200,"http://dearswedding.jp/*/contact
"
200,"http://dena-baystars.jp/contact
"
200,"http://digi-career.jp/contact
"
200,"http://dmiq.jp/contact
"
200,"http://himedic.jp/contact
"
200,"http://hirojob.com/contact
"
200,"http://hitex.jp/contact
"
200,"http://hoshi3.jp/contact
"
200,"http://hosshoclub.jp/contact
"
200,"http://hotel-cosmosquare.jp/contact
"
200,"http://housedo.co.jp/contact
"
200,"http://lairdtech.jp/contact
"
200,"http://livanova.co.jp/contact
"
200,"http://ls-support.co.jp/contact
"
200,"http://recaro-automotive.jp/contact
"
200,"http://recaroautomotive.jp/contact
"
200,"http://recella.com/contact
"
200,"http://reclog.jp/contact
"
200,"http://ritsubi.co.jp/contact
"
200,"http://u-links.jp/contact
"
200,"http://untenmenkyo.co.jp/contact
"
200,"http://utsumi-sp.co.jp/contact
"
200,"http://fairisaac.co.jp/contact
"
200,"http://firststate.jp/contact
"
200,"http://flds.co.jp/contact
"
200,"http://flirmarine.jp/contact
"
200,"http://flirthermography.jp/contact
"
200,"http://freeway-customer.com/contact
"
200,"http://freeway-japan.com/contact
"
200,"http://freeway-kyuuyo.net/contact
"
200,"http://fstandard.co.jp/contact
"
200,"http://fujitaro.com/contact
"
200,"http://fukuda-lld.jp/contact
"
200,"http://gaiainc.jp/contact
"
200,"http://gicp.co.jp/contact
"
200,"http://gixo.jp/contact
"
200,"http://gpj.co.jp/contact
"
200,"http://graffe.jp/contact
"
200,"http://greenhomesgonohe.jp/contact
"
200,"http://grumpy.jp/contact
"
200,"http://pagem.jp/contact
"
200,"http://panoviewn.jp/contact
"
200,"http://perkinelmer.co.jp/contact
"
200,"http://pixela.jp/contact
"
200,"http://plan-japan.org/contact
"
200,"http://presidentstore.jp/contact
"
200,"http://qulios2x6.jp/contact
"
200,"http://webrage.jp/contact
"
200,"http://well-corp.jp/contact
"
200,"http://wfjapan.com/contact
"
200,"http://wheaton.jp/contact
"
200,"http://workit.jp/contact
"
200,"http://xn--ki-qg7en84e.jp/contact
"
200,"http://xn--wgv71au9a374h.jp/contact
"
200,"http://yaokoprint.com/contact
"
200,"http://yotsuyaotsuka-sapporo.net/contact
"
200,"http://aainc.co.jp/contact
"
200,"http://allsystem.jp/contact
"
200,"http://aml.co.jp/contact
"
200,"http://arksystems.co.jp/contact
"
200,"http://arrgallery.jp/contact
"
200,"http://arthrex.jp/contact
"
200,"http://e-cel.jp/contact
"
200,"http://e-souei.co.jp/contact
"
200,"http://eapjapan.com/contact
"
200,"http://earthcom-eco.jp/contact
"
200,"http://ecoprocoat.jp/contact
"
200,"http://ecotec-g.co.jp/contact
"
200,"http://ecovadis.jp/contact
"
200,"http://eisyun.co.jp/contact
"
200,"http://ellex.jp/contact
"
200,"http://endermologie-jp.com/contact
"
200,"http://enmotion.jp/contact
"
200,"http://entre-network.jp/contact
"
200,"http://extorage.jp/contact
"
200,"http://mapion.jp/contact
"
200,"http://maxpart.jp/contact
"
200,"http://mgtco.co.jp/contact
"
200,"http://mikata-ad.jp/contact
"
200,"http://mirkobuffini.jp/contact
"
200,"http://mortgage-susume.jp/contact
"
200,"http://mypstamp.com/contact
"
200,"http://biz-assist.co.jp/contact
"
200,"http://brainpad.co.jp/contact
"
200,"http://cakewalk.jp/contact
"
200,"http://careertrek.biz/contact
"
200,"http://challeath.com/contact
"
200,"http://cloudlogi.jp/contact
"
200,"http://coffret-p.jp/contact
"
200,"http://comnet-co.com/contact
"
200,"http://comnet-network.co.jp/contact
"
200,"http://kakkiteki.co.jp/contact
"
200,"http://kurabiz.jp/contact
"
200,"http://kyokuto-sanki.co.jp/contact
"
200,"http://nihonkiin.jp/contact
"
200,"http://nnlife.jp/contact
"
200,"http://office-navi-kobe.jp/contact
"
200,"http://office-navi-nagoya.jp/contact
"
200,"http://info.ortustech.co.jp/contact
"
200,"http://oyorm.co.jp/contact
"
200,"http://tapi.jp/contact
"
200,"http://thanksai.jp/contact
"
200,"http://three-f-print.com/contact
"
200,"http://tokyu-jumboinsatsu.com/contact
"
200,"http://toshin-ss.co.jp/contact
"
200,"http://isg-reform.jp/contact
"
200,"http://iwatec.co.jp/contact
"
200,"http://saikyo1.co.jp/contact
"
200,"http://secureinc.co.jp/contact
"
200,"http://sunbit.co.jp/contact
"
200,"http://vayorela.jp/contact
"
200,"http://dancyu.jp/contact
"
200,"http://db-m.jp/contact
"
200,"http://hape.co.jp/contact
"
200,"http://hyperpc.co.jp/contact
"
200,"http://life-print.com/contact
"
200,"http://raymarinestore.jp/contact
"
200,"http://rea-stk.co.jp/contact
"
200,"http://renaissance-gt.jp/contact
"
200,"http://ukbcoopprint.com/contact
"
200,"http://gigei.jp/contact
"
200,"http://greenflash.co.jp/contact
"
200,"http://proreco.jp/contact
"
200,"http://q-res.net/contact
"
200,"http://waris.co.jp/contact
"
200,"http://web-alls.co.jp/contact
"
200,"http://xn--p8ja1tb.jp/contact
"
200,"http://xn--rde-3k4bpay5dvb6k6a7pc2jo996fj49f.jp/contact
"
200,"http://a-cel.jp/contact
"
200,"http://eizousya.co.jp/contact
"
200,"http://marubeni-access.com/contact
"
200,"http://maruetsu-print.com/contact
"
200,"http://2111.jp/contact
"
200,"http://balloome.co.jp/contact
"
200,"http://baremetal.jp/contact
"
200,"http://biu.jp/contact
"
200,"http://blogwatcher.co.jp/contact
"
200,"http://bs-mobile.jp/contact
"
200,"http://building.co.jp/contact
"
200,"http://c-gp.com/contact
"
200,"http://camp-in.jp/contact
"
200,"http://cart-rcv.jp/contact
"
200,"http://sanbohtown.casio.jp/contact
"
200,"http://clara.ad.jp/contact
"
200,"http://clara.co.jp/contact
"
200,"http://clara.jp/contact
"
200,"http://clara.ne.jp/contact
"
200,"http://cloudcore.jp/contact
"
200,"http://cloudpayment.co.jp/contact
"
200,"http://codesprint.jp/contact
"
200,"http://creativehope.co.jp/contact
"
200,"http://creativehope.jp/contact
"
200,"http://cybozu.com/contact
"
200,"http://kartz.co.jp/contact
"
200,"http://keiridaikou.jp/contact
"
200,"http://krkproduce.com/contact
"
200,"http://kurihira.jp/contact
"
200,"http://odakyu-life.com/contact
"
200,"http://ohada-marche.com/contact
"
200,"http://orix-carshare.com/contact
"
200,"http://ouchiplaza.jp/contact
"
200,"http://techplay.jp/contact
"
200,"http://techtech.info/contact
"
200,"http://tentsubu.com/contact
"
200,"http://toumin.jp/contact
"
200,"http://tsubu.info/contact
"
200,"http://iitoco.jp/contact
"
200,"http://indival.co.jp/contact
"
200,"http://inouz.jp/contact
"
200,"http://ioix.jp/contact
"
200,"http://j-payment.co.jp/contact
"
200,"http://japanma.or.jp/contact
"
200,"http://jihiken.jp/contact
"
200,"http://jol.me/contact
"
200,"http://s-toushi.jp/contact
"
200,"http://salescompass.jp/contact
"
200,"http://shunkashutou.jp/contact
"
200,"http://sofia-inc.com/contact
"
200,"http://somethingfun.co.jp/contact
"
200,"http://spc-jpn.co.jp/contact
"
200,"http://valuecommerce.ne.jp/contact
"
200,"http://hatotaisaku.jp/contact
"
200,"http://life-create-shine.co.jp/contact
"
200,"http://logi-portal.com/contact
"
200,"http://re-remodel.com/contact
"
200,"http://reachlocal-mktg.jp/contact
"
200,"http://rescuenow.co.jp/contact
"
200,"http://ri-ir.co.jp/contact
"
200,"http://robotpayment.co.jp/contact
"
200,"http://zeirishi-muryou.jp/contact
"
200,"http://fabercompany.co.jp/contact
"
200,"http://fit-ieterrace.jp/contact
"
200,"http://forward-inc.co.jp/contact
"
200,"http://fossette.jp/contact
"
200,"http://freund.co.jp/contact
"
200,"http://fukuda-lld.jp/contact
"
200,"http://grooo.co.jp/contact
"
200,"http://pantograph.co.jp/contact
"
200,"http://pcp.co.jp/contact
"
200,"http://philippine-r.com/contact
"
200,"http://polestar-m.jp/contact
"
200,"http://powerweb.co.jp/contact
"
200,"http://qty.jp/contact
"
200,"http://webdestination.jp/contact
"
200,"http://x-yz.co.jp/contact
"
200,"http://xn--dck4eb9f0b6967bu7vb.com/contact
"
200,"http://xn--ecklo6uab3ec.jp/contact
"
200,"http://xn--hckq4a3al6a1t.jp/contact
"
200,"http://yousmile.jp/contact
"
200,"http://yubun.co.jp/contact
"
200,"http://yuidea.co.jp/contact
"
200,"http://ad-repo.com/contact
"
200,"http://ageha.tv/contact
"
200,"http://app-plat.jp/contact
"
200,"http://asia-quest.jp/contact
"
200,"http://aspex.co.jp/contact
"
200,"http://edisone.jp/contact
"
200,"http://madoriplan.jp/contact
"
200,"http://marine-license.com/contact
"
200,"http://mediage.co.jp/contact
"
200,"http://meiwajisyo.jp/contact
"
200,"http://mk-design.co.jp/contact
"
200,"http://mmsouken.co.jp/contact
"
200,"http://musee-marketing.com/contact
"
200,"http://myhomemarket.jp/contact
"
200,"http://teens.mynavi.jp/contact
"
